{
  "buildCommand": "npm run build",
  "outputDirectory": ".next",
  "framework": "nextjs",
  "installCommand": "npm install",
  "devCommand": "npm run dev",
  "regions": ["iad1"],
  "env": {
    "NEXT_PUBLIC_DEMO_MODE": "true"
  },
  "build": {
    "env": {
      "NEXT_PUBLIC_APP_URL": "@next_public_app_url"
    }
  },
  "headers": [
    {
      "source": "/(.*)",
      "headers": [
        {
          "key": "X-Content-Type-Options",
          "value": "nosniff"
        },
        {
          "key": "X-Frame-Options",
          "value": "DENY"
        },
        {
          "key": "X-XSS-Protection",
          "value": "1; mode=block"
        }
      ]
    }
  ]
}
